<?xml version="1.0" encoding="utf-8" ?>
<FWPropertyManager>
    <Item id="General_Mono" value="General_Mono">
        <Item id="order" value="0"/>
        <Item id="readonly" value="true"/>
        <Item id="SaveSettings" value="False"/>
        <Item id="PureBlack" value="Auto"/>
        <Item id="PureGray" value="True"/>
        <Item id="BlackOverPrint" value="Text_Graphics"/>
        <Item id="PostscriptOverPrint" value="False"/>
        <Item id="RedSealMode" value="False"/>
        <Item id="AutoTrapping" value="False"/>
        <Item id="CyanText" value="0"/>
        <Item id="MagentaText" value="0"/>
        <Item id="YellowText" value="0"/>
        <Item id="BlackText" value="0"/>
        <Item id="ColourBalanceDetail" value="False"/>
        <Item id="CyanHigh" value="0"/>
        <Item id="CyanLow" value="0"/>
        <Item id="CyanMid" value="0"/>
        <Item id="MagentaHigh" value="0"/>
        <Item id="MagentaLow" value="0"/>
        <Item id="MagentaMid" value="0"/>
        <Item id="YellowHigh" value="0"/>
        <Item id="YellowLow" value="0"/>
        <Item id="YellowMid" value="0"/>
        <Item id="BlackHigh" value="0"/>
        <Item id="BlackLow" value="0"/>
        <Item id="BlackMid" value="0"/>
        <Item id="Contrast" value="0"/>
        <Item id="Brightness" value="0"/>
        <Item id="BackgroundAdjustment" value="0"/>
        <Item id="Saturation" value="0"/>
        <Item id="SharpnessOn" value="True"/>
        <Item id="Sharpness" value="0"/>
        <Item id="PrinterDarknessOn" value="False"/>
        <Item id="PrinterDarkness" value="0"/>
        <Item id="RgbSrcProfile" value="0"/>
        <Item id="CmykSrcProfile" value="0"/>
        <Item id="DeviceColourOnly" value="True"/>
        <Item id="DestinationProfile" value="0"/>
        <Item id="RenderingIntent" value="Default"/>

        <!-- the user should never see this, when we finally fix up using the label instead of id for storing
             the selected profile we should remove -->
        <Item id="ImageQualityNameText" value="General Black and White"/>
    </Item>
</FWPropertyManager>
