<?xml version="1.0" encoding="utf-8" ?>
<FWPropertyManager>
    <Item id="EX-BP">
        <Item id="Drawers" value="Drawer1_2_Drawer3_4"/>
        <Item id="FinisherModel" value="SaddleStitchFinisher_2TraynFixedTray"/>
        <Item id="HolePunchUnit" value="_23Holes"/>
        <Item id="ExternalLCF" value="ExternalLCF"/>
        <Item id="InserterUnit" value="False"/>
        <Item id="Harddisk" value="True"/>
        <Item id="AutoDuplexingUnit" value="True"/>
    </Item>
    <Item id="Shasta">
        <Item id="Drawers" value="Drawer1_2_Drawer3_4"/>
        <Item id="FinisherModel" value="SaddleStitchFinisher_2TraynFixedTray"/>
        <Item id="HolePunchUnit" value="_23Holes"/>
        <Item id="ExternalLCF" value="ExternalLCF"/>
        <Item id="InserterUnit" value="False"/>
        <Item id="Harddisk" value="True"/>
        <Item id="AutoDuplexingUnit" value="True"/>
    </Item>
    <Item id="EX-MASH">
        <Item id="Drawers" value="Drawer1_2_LCF"/>
        <Item id="FinisherModel" value="SaddleStitchFinisher_2TraynFixedTray"/>
        <Item id="HolePunchUnit" value="_23Holes"/>
        <Item id="ExternalLCF" value="None"/>
        <Item id="InserterUnit" value="False"/>
        <Item id="Harddisk" value="True"/>
        <Item id="AutoDuplexingUnit" value="True"/>
    </Item>
    <Item id="EX-LOIRE-HIGH">
        <Item id="Drawers" value="Drawer1_2_LCF"/>
        <Item id="FinisherModel" value="SaddleStitchFinisher_2TraynFixedTray"/>
        <Item id="HolePunchUnit" value="_23Holes"/>
        <Item id="ExternalLCF" value="None"/>
        <Item id="InserterUnit" value="False"/>
        <Item id="Harddisk" value="True"/>
        <Item id="AutoDuplexingUnit" value="True"/>
    </Item>
    <Item id="Caspian">
        <Item id="Drawers" value="Drawer1_2_LCF"/>
        <Item id="FinisherModel" value="SaddleStitchFinisher_2TraynFixedTray"/>
        <Item id="HolePunchUnit" value="_23Holes"/>
        <Item id="ExternalLCF" value="None"/>
        <Item id="InserterUnit" value="False"/>
        <Item id="Harddisk" value="True"/>
        <Item id="AutoDuplexingUnit" value="True"/>
    </Item>
    <Item id="Reuss-Three">
        <Item id="Drawers" value="Drawer1_2_LCF"/>
        <Item id="FinisherModel" value="SaddleStitchFinisher_2TraynFixedTray"/>
        <Item id="HolePunchUnit" value="_23Holes"/>
        <Item id="ExternalLCF" value="ExternalLCF"/>
        <Item id="InserterUnit" value="False"/>
        <Item id="Harddisk" value="True"/>
        <Item id="AutoDuplexingUnit" value="True"/>
    </Item>
    <Item id="Reuss">
        <Item id="Drawers" value="Drawer1_2_LCF"/>
        <Item id="FinisherModel" value="SaddleStitchFinisher_2TraynFixedTray"/>
        <Item id="HolePunchUnit" value="_23Holes"/>
        <Item id="ExternalLCF" value="None"/>
        <Item id="InserterUnit" value="False"/>
        <Item id="Harddisk" value="True"/>
        <Item id="AutoDuplexingUnit" value="True"/>
    </Item>
    <Item id="EB3-LOIRE-HIGH">
        <Item id="Drawers" value="Drawer1_2_LCF"/>
        <Item id="FinisherModel" value="SaddleStitchFinisher_2Tray"/>
        <Item id="HolePunchUnit" value="_23Holes"/>
        <Item id="ExternalLCF" value="None"/>
        <Item id="InserterUnit" value="False"/>
        <Item id="Harddisk" value="True"/>
        <Item id="AutoDuplexingUnit" value="True"/>
    </Item>
    <Item id="EX-LOIRE-LOW">
        <Item id="Drawers" value="Drawer1_2_LCF"/>
        <Item id="FinisherModel" value="SaddleStitchFinisher_1Tray"/>
        <Item id="HolePunchUnit" value="_23Holes"/>
        <Item id="ExternalLCF" value="None"/>
        <Item id="InserterUnit" value="False"/>
        <Item id="Harddisk" value="True"/>
        <Item id="AutoDuplexingUnit" value="True"/>
    </Item>
    <Item id="EX-ALABAMA-JP">
        <Item id="Drawers" value="Drawer1_2_Drawer3_4"/>
        <Item id="FinisherModel" value="SaddleStitchFinisher_2Tray"/>
        <Item id="HolePunchUnit" value="_23Holes"/>
        <Item id="ExternalLCF" value="ExternalLCF"/>
        <Item id="InserterUnit" value="False"/>
        <Item id="Harddisk" value="True"/>
        <Item id="AutoDuplexingUnit" value="True"/>
    </Item>
    <Item id="EX-ALABAMA-EU-UC">
        <Item id="Drawers" value="Drawer1_2_LCF"/>
        <Item id="FinisherModel" value="SaddleStitchFinisher_2Tray"/>
        <Item id="HolePunchUnit" value="_23Holes"/>
        <Item id="ExternalLCF" value="ExternalLCF"/>
        <Item id="InserterUnit" value="False"/>
        <Item id="Harddisk" value="True"/>
        <Item id="AutoDuplexingUnit" value="True"/>
    </Item>
    <Item id="Shastina">
        <Item id="Drawers" value="Drawer1_2_Drawer3_4"/>
        <Item id="FinisherModel" value="SaddleStitchFinisher_2TraynFixedTray"/>
        <Item id="HolePunchUnit" value="_23Holes"/>
        <Item id="ExternalLCF" value="ExternalLCF"/>
        <Item id="InserterUnit" value="False"/>
        <Item id="Harddisk" value="True"/>
        <Item id="AutoDuplexingUnit" value="True"/>
    </Item>
    <Item id="Weisshorn-High-Four">
        <Item id="Drawers" value="Drawer1_2_LCF"/>
        <Item id="FinisherModel" value="SaddleStitchFinisher_2TraynFixedTray"/>
        <Item id="HolePunchUnit" value="_23Holes"/>
        <Item id="ExternalLCF" value="ExternalLCF"/>
        <Item id="InserterUnit" value="False"/>
        <Item id="Harddisk" value="True"/>
        <Item id="AutoDuplexingUnit" value="True"/>
    </Item>
    <Item id="Weisshorn">
        <Item id="Drawers" value="Drawer1_2_LCF"/>
        <Item id="FinisherModel" value="SaddleStitchFinisher_2TraynFixedTray"/>
        <Item id="HolePunchUnit" value="_23Holes"/>
        <Item id="ExternalLCF" value="None"/>
        <Item id="InserterUnit" value="False"/>
        <Item id="Harddisk" value="True"/>
        <Item id="AutoDuplexingUnit" value="True"/>
    </Item>
    <Item id="Weisshorn-Low">
        <Item id="Drawers" value="Drawer1_2_LCF"/>
        <Item id="FinisherModel" value="SaddleStitchFinisher_1Tray"/>
        <Item id="HolePunchUnit" value="_23Holes"/>
        <Item id="ExternalLCF" value="None"/>
        <Item id="InserterUnit" value="False"/>
        <Item id="Harddisk" value="True"/>
        <Item id="AutoDuplexingUnit" value="True"/>
    </Item>
    <Item id="Weisshorn-LowLow">
        <Item id="Drawers" value="Drawer1_2_Drawer3_4"/>
        <Item id="FinisherModel" value="None"/>
        <Item id="HolePunchUnit" value="None"/>
        <Item id="ExternalLCF" value="None"/>
        <Item id="InserterUnit" value="False"/>
        <Item id="Harddisk" value="False"/>
        <Item id="AutoDuplexingUnit" value="True"/>
    </Item>
    <Item id="StHelens">
        <Item id="Drawers" value="Drawer1_2_Drawer3_4"/>
        <Item id="FinisherModel" value="InnerFinisher_1Tray"/>
        <Item id="HolePunchUnit" value="None"/>
        <Item id="ExternalLCF" value="None"/>
        <Item id="InserterUnit" value="False"/>
        <Item id="Harddisk" value="False"/>
        <Item id="AutoDuplexingUnit" value="True"/>
    </Item>
    <Item id="Mosel">
        <Item id="Drawers" value="Drawer1_2_Drawer3_4"/>
        <Item id="FinisherModel" value="InnerFinisher_1Tray"/>
        <Item id="HolePunchUnit" value="None"/>
        <Item id="ExternalLCF" value="None"/>
        <Item id="InserterUnit" value="False"/>
        <Item id="Harddisk" value="False"/>
        <Item id="AutoDuplexingUnit" value="True"/>
    </Item>
    <Item id="Matterhorn">
        <Item id="Drawers" value="Drawer1_2_LCF"/>
        <Item id="FinisherModel" value="None"/>
        <Item id="HolePunchUnit" value="None"/>
        <Item id="ExternalLCF" value="None"/>
        <Item id="InserterUnit" value="False"/>
        <Item id="Harddisk" value="True"/>
        <Item id="AutoDuplexingUnit" value="True"/>
    </Item>
    <Item id="Universal">
        <Item id="Drawers" value="Drawer1_2_LCF"/>
        <Item id="FinisherModel" value="SaddleStitchFinisher_2TraynFixedTray"/>
        <Item id="HolePunchUnit" value="_23Holes"/>
        <Item id="ExternalLCF" value="ExternalLCF"/>
        <Item id="InserterUnit" value="False"/>
        <Item id="Harddisk" value="True"/>
        <Item id="AutoDuplexingUnit" value="True"/>
    </Item>
    <Item id="MPS">
        <Item id="Drawers" value="Drawer1_2_LCF"/>
        <Item id="FinisherModel" value="SaddleStitchFinisher_2TraynFixedTray"/>
        <Item id="HolePunchUnit" value="_23Holes"/>
        <Item id="ExternalLCF" value="ExternalLCF"/>
        <Item id="InserterUnit" value="False"/>
        <Item id="Harddisk" value="False"/>
        <Item id="AutoDuplexingUnit" value="True"/>
    </Item>
    <Item id="Defaults">
        <Item id="Defaults" value="Defaults"/>
        <Item id="ModelNumber" value="Universal"/>
        <Item id="Drawers" value="Drawer1_2_LCF"/>
        <Item id="FinisherModel" value="SaddleStitchFinisher_2TraynFixedTray"/>
        <Item id="HolePunchUnit" value="_23Holes"/>
        <Item id="ExternalLCF" value="ExternalLCF"/>
        <Item id="InserterUnit" value="False"/>
        <Item id="Harddisk" value="True"/>
        <Item id="AutoDuplexingUnit" value="True"/>
        <Item id="UpdateAutomatically" value="True"/>
        <Item id="UseUserAuthentication" value="False"/>
        <Item id="PrivatePrintRestriction" value="False"/>
        <Item id="HoldPrintRestriction" value="False"/>
        <Item id="UserAuthenticationType" value="Off"/>
        <Item id="EnforceLDAPServer" value="False"/>
        <Item id="TipsAutoUpgrade" value="False"/>
        <Item id="UserType1" value=""/>
        <Item id="UserType2" value=""/>
        <Item id="UserType3" value=""/>
        <Item id="UserType4" value=""/>
        <Item id="UserType5" value=""/>
        <Item id="UserType6" value=""/>
        <Item id="UserType7" value=""/>
        <Item id="UserType8" value=""/>
        <Item id="UserType9" value=""/>
        <Item id="UserType10" value=""/>
        <Item id="UserType1_BasePaperType" value="Plain"/>
        <Item id="UserType2_BasePaperType" value="Plain"/>
        <Item id="UserType3_BasePaperType" value="Plain"/>
        <Item id="UserType4_BasePaperType" value="Plain"/>
        <Item id="UserType5_BasePaperType" value="Plain"/>
        <Item id="UserType6_BasePaperType" value="Plain"/>
        <Item id="UserType7_BasePaperType" value="Plain"/>
        <Item id="UserType8_BasePaperType" value="Plain"/>
        <Item id="UserType9_BasePaperType" value="Plain"/>
        <Item id="UserType10_BasePaperType" value="Plain"/>
        <Item id="DeptCodeInFile" value="False"/>
        <Item id="NickNameInFile" value="True"/>
        <Item id="EFilingInFile" value="False"/>
        <Item id="PrivatePrintInFile" value="False"/>
        <Item id="PJCodeInFile" value="False"/>
    </Item>
</FWPropertyManager>
